"id","code_naf","name","section_no","section_description"
"fr_naf_001","0111Z","Culture de céréales (à l'exception du riz), de légumineuses et de graines oléagineuses","1","Culture et production animale, chasse et services annexes"
"fr_naf_002","0112Z","Culture du riz","1","Culture et production animale, chasse et services annexes"
"fr_naf_003","0113Z","Culture de légumes, de melons, de racines et de tubercules","1","Culture et production animale, chasse et services annexes"
"fr_naf_004","0114Z","Culture de la canne à sucre","1","Culture et production animale, chasse et services annexes"
"fr_naf_005","0115Z","Culture du tabac","1","Culture et production animale, chasse et services annexes"
"fr_naf_006","0116Z","Culture de plantes à fibres","1","Culture et production animale, chasse et services annexes"
"fr_naf_007","0119Z","Autres cultures non permanentes","1","Culture et production animale, chasse et services annexes"
"fr_naf_008","0121Z","Culture de la vigne","1","Culture et production animale, chasse et services annexes"
"fr_naf_009","0122Z","Culture de fruits tropicaux et subtropicaux","1","Culture et production animale, chasse et services annexes"
"fr_naf_010","0123Z","Culture d'agrumes","1","Culture et production animale, chasse et services annexes"
"fr_naf_011","0124Z","Culture de fruits à pépins et à noyau","1","Culture et production animale, chasse et services annexes"
"fr_naf_012","0125Z","Culture d'autres fruits d'arbres ou d'arbustes et de fruits à coque","1","Culture et production animale, chasse et services annexes"
"fr_naf_013","0126Z","Culture de fruits oléagineux","1","Culture et production animale, chasse et services annexes"
"fr_naf_014","0127Z","Culture de plantes à boissons","1","Culture et production animale, chasse et services annexes"
"fr_naf_015","0128Z","Culture de plantes à épices, aromatiques, médicinales et pharmaceutiques","1","Culture et production animale, chasse et services annexes"
"fr_naf_016","0129Z","Autres cultures permanentes","1","Culture et production animale, chasse et services annexes"
"fr_naf_017","0130Z","Reproduction de plantes","1","Culture et production animale, chasse et services annexes"
"fr_naf_018","0141Z","Élevage de vaches laitières","1","Culture et production animale, chasse et services annexes"
"fr_naf_019","0142Z","Élevage d'autres bovins et de buffles","1","Culture et production animale, chasse et services annexes"
"fr_naf_020","0143Z","Élevage de chevaux et d'autres équidés","1","Culture et production animale, chasse et services annexes"
"fr_naf_021","0144Z","Élevage de chameaux et d'autres camélidés","1","Culture et production animale, chasse et services annexes"
"fr_naf_022","0145Z","Élevage d'ovins et de caprins","1","Culture et production animale, chasse et services annexes"
"fr_naf_023","0146Z","Élevage de porcins","1","Culture et production animale, chasse et services annexes"
"fr_naf_024","0147Z","Élevage de volailles","1","Culture et production animale, chasse et services annexes"
"fr_naf_025","0149Z","Élevage d'autres animaux","1","Culture et production animale, chasse et services annexes"
"fr_naf_026","0150Z","Culture et élevage associés","1","Culture et production animale, chasse et services annexes"
"fr_naf_027","0161Z","Activités de soutien aux cultures","1","Culture et production animale, chasse et services annexes"
"fr_naf_028","0162Z","Activités de soutien à la production animale","1","Culture et production animale, chasse et services annexes"
"fr_naf_029","0163Z","Traitement primaire des récoltes","1","Culture et production animale, chasse et services annexes"
"fr_naf_030","0164Z","Traitement des semences","1","Culture et production animale, chasse et services annexes"
"fr_naf_031","0170Z","Chasse, piégeage et services annexes","1","Culture et production animale, chasse et services annexes"
"fr_naf_032","0210Z","Sylviculture et autres activités forestières","2","Sylviculture et exploitation forestière"
"fr_naf_033","0220Z","Exploitation forestière","2","Sylviculture et exploitation forestière"
"fr_naf_034","0230Z","Récolte de produits forestiers non ligneux poussant à l'état sauvage","2","Sylviculture et exploitation forestière"
"fr_naf_035","0240Z","Services de soutien à l'exploitation forestière","2","Sylviculture et exploitation forestière"
"fr_naf_036","0311Z","Pêche en mer","3","Pêche et aquaculture"
"fr_naf_037","0312Z","Pêche en eau douce","3","Pêche et aquaculture"
"fr_naf_038","0321Z","Aquaculture en mer","3","Pêche et aquaculture"
"fr_naf_039","0322Z","Aquaculture en eau douce","3","Pêche et aquaculture"
"fr_naf_040","0510Z","Extraction de houille","5","Extraction de houille et de lignite"
"fr_naf_041","0520Z","Extraction de lignite","5","Extraction de houille et de lignite"
"fr_naf_042","0610Z","Extraction de pétrole brut","6","Extraction d'hydrocarbures"
"fr_naf_043","0620Z","Extraction de gaz naturel","6","Extraction d'hydrocarbures"
"fr_naf_044","0710Z","Extraction de minerais de fer","7","Extraction de minerais métalliques"
"fr_naf_045","0721Z","Extraction de minerais d'uranium et de thorium","7","Extraction de minerais métalliques"
"fr_naf_046","0729Z","Extraction d'autres minerais de métaux non ferreux","7","Extraction de minerais métalliques"
"fr_naf_047","0811Z","Extraction de pierres ornementales et de construction, de calcaire industriel, de gypse, de craie et d'ardoise","8","Autres industries extractives"
"fr_naf_048","0812Z","Exploitation de gravières et sablières, extraction d’argiles et de kaolin","8","Autres industries extractives"
"fr_naf_049","0891Z","Extraction des minéraux chimiques et d'engrais minéraux","8","Autres industries extractives"
"fr_naf_050","0892Z","Extraction de tourbe","8","Autres industries extractives"
"fr_naf_051","0893Z","Production de sel","8","Autres industries extractives"
"fr_naf_052","0899Z","Autres activités extractives nca","8","Autres industries extractives"
"fr_naf_053","0910Z","Activités de soutien à l'extraction d'hydrocarbures","9","Services de soutien aux industries extractives"
"fr_naf_054","0990Z","Activités de soutien aux autres industries extractives","9","Services de soutien aux industries extractives"
"fr_naf_055","1011Z","Transformation et conservation de la viande de boucherie","10","Industries alimentaires"
"fr_naf_056","1011Z","Transformation et conservation de la viande de boucherie","10","Industries alimentaires"
"fr_naf_057","1012Z","Transformation et conservation de la viande de volaille","10","Industries alimentaires"
"fr_naf_058","1013A","Préparation industrielle de produits à base de viande","10","Industries alimentaires"
"fr_naf_059","1013B","Charcuterie","10","Industries alimentaires"
"fr_naf_060","1020Z","Transformation et conservation de poisson, de crustacés et de mollusques","10","Industries alimentaires"
"fr_naf_061","1031Z","Transformation et conservation de pommes de terre","10","Industries alimentaires"
"fr_naf_062","1032Z","Préparation de jus de fruits et légumes","10","Industries alimentaires"
"fr_naf_063","1039A","Autre transformation et conservation de légumes","10","Industries alimentaires"
"fr_naf_064","1039B","Transformation et conservation de fruits","10","Industries alimentaires"
"fr_naf_065","1041A","Fabrication d'huiles et graisses brutes","10","Industries alimentaires"
"fr_naf_066","1041B","Fabrication d'huiles et graisses raffinées","10","Industries alimentaires"
"fr_naf_067","1042Z","Fabrication de margarine et graisses comestibles similaires","10","Industries alimentaires"
"fr_naf_068","1051A","Fabrication de lait liquide et de produits frais","10","Industries alimentaires"
"fr_naf_069","1051B","Fabrication de beurre","10","Industries alimentaires"
"fr_naf_070","1051C","Fabrication de fromage","10","Industries alimentaires"
"fr_naf_071","1051D","Fabrication d'autres produits laitiers","10","Industries alimentaires"
"fr_naf_072","1052Z","Fabrication de glaces et sorbets","10","Industries alimentaires"
"fr_naf_073","1061A","Meunerie","10","Industries alimentaires"
"fr_naf_074","1061B","Autres activités du travail des grains","10","Industries alimentaires"
"fr_naf_075","1062Z","Fabrication de produits amylacés","10","Industries alimentaires"
"fr_naf_076","1071A","Fabrication industrielle de pain et de pâtisserie fraîche","10","Industries alimentaires"
"fr_naf_077","1071B","Cuisson de produits de boulangerie","10","Industries alimentaires"
"fr_naf_078","1071C","Boulangerie et boulangerie-pâtisserie","10","Industries alimentaires"
"fr_naf_079","1071D","Pâtisserie","10","Industries alimentaires"
"fr_naf_080","1072Z","Fabrication de biscuits, biscottes et pâtisseries de conservation","10","Industries alimentaires"
"fr_naf_081","1073Z","Fabrication de pâtes alimentaires","10","Industries alimentaires"
"fr_naf_082","1081Z","Fabrication de sucre","10","Industries alimentaires"
"fr_naf_083","1082Z","Fabrication de cacao, chocolat et de produits de confiserie","10","Industries alimentaires"
"fr_naf_084","1083Z","Transformation du thé et du café","10","Industries alimentaires"
"fr_naf_085","1084Z","Fabrication de condiments et assaisonnements","10","Industries alimentaires"
"fr_naf_086","1085Z","Fabrication de plats préparés","10","Industries alimentaires"
"fr_naf_087","1086Z","Fabrication d'aliments homogénéisés et diététiques","10","Industries alimentaires"
"fr_naf_088","1089Z","Fabrication d'autres produits alimentaires nca","10","Industries alimentaires"
"fr_naf_089","1091Z","Fabrication d'aliments pour animaux de ferme","10","Industries alimentaires"
"fr_naf_090","1092Z","Fabrication d'aliments pour animaux de compagnie","10","Industries alimentaires"
"fr_naf_091","1101Z","Production de boissons alcooliques distillées","11","Fabrication de boissons"
"fr_naf_092","1102A","Fabrication de vins effervescents","11","Fabrication de boissons"
"fr_naf_093","1102B","Vinification","11","Fabrication de boissons"
"fr_naf_094","1103Z","Fabrication de cidre et de vins de fruits","11","Fabrication de boissons"
"fr_naf_095","1104Z","Production d'autres boissons fermentées non distillées","11","Fabrication de boissons"
"fr_naf_096","1105Z","Fabrication de bière","11","Fabrication de boissons"
"fr_naf_097","1106Z","Fabrication de malt","11","Fabrication de boissons"
"fr_naf_098","1107A","Industrie des eaux de table","11","Fabrication de boissons"
"fr_naf_099","1107B","Production de boissons rafraîchissantes","11","Fabrication de boissons"
"fr_naf_100","1200Z","Fabrication de produits à base de tabac","12","Fabrication de produits à base de tabac"
"fr_naf_101","1310Z","Préparation de fibres textiles et filature","13","Fabrication de textiles"
"fr_naf_102","1320Z","Tissage","13","Fabrication de textiles"
"fr_naf_103","1330Z","Ennoblissement textile","13","Fabrication de textiles"
"fr_naf_104","1391Z","Fabrication d'étoffes à mailles","13","Fabrication de textiles"
"fr_naf_105","1392Z","Fabrication d'articles textiles, sauf habillement","13","Fabrication de textiles"
"fr_naf_106","1393Z","Fabrication de tapis et moquettes","13","Fabrication de textiles"
"fr_naf_107","1394Z","Fabrication de ficelles, cordes et filets","13","Fabrication de textiles"
"fr_naf_108","1395Z","Fabrication de non-tissés, sauf habillement","13","Fabrication de textiles"
"fr_naf_109","1396Z","Fabrication d'autres textiles techniques et industriels","13","Fabrication de textiles"
"fr_naf_110","1399Z","Fabrication d'autres textiles nca","13","Fabrication de textiles"
"fr_naf_111","1411Z","Fabrication de vêtements en cuir","14","Industrie de l'habillement"
"fr_naf_112","1412Z","Fabrication de vêtements de travail","14","Industrie de l'habillement"
"fr_naf_113","1413Z","Fabrication de vêtements de dessus","14","Industrie de l'habillement"
"fr_naf_114","1414Z","Fabrication de vêtements de dessous","14","Industrie de l'habillement"
"fr_naf_115","1419Z","Fabrication d'autres vêtements et accessoires","14","Industrie de l'habillement"
"fr_naf_116","1420Z","Fabrication d'articles en fourrure","14","Industrie de l'habillement"
"fr_naf_117","1431Z","Fabrication d'articles chaussants à mailles","14","Industrie de l'habillement"
"fr_naf_118","1439Z","Fabrication d'autres articles à mailles","14","Industrie de l'habillement"
"fr_naf_119","1511Z","Apprêt et tannage des cuirs ; préparation et teinture des fourrures","15","Industrie du cuir et de la chaussure"
"fr_naf_120","1512Z","Fabrication d'articles de voyage, de maroquinerie et de sellerie","15","Industrie du cuir et de la chaussure"
"fr_naf_121","1520Z","Fabrication de chaussures","15","Industrie du cuir et de la chaussure"
"fr_naf_122","1610A","Sciage et rabotage du bois, hors imprégnation","16","Travail du bois et fabrication d'articles en bois et en liège, à l’exception des meubles ; fabrication d’articles en vannerie et sparterie"
"fr_naf_123","1610B","Imprégnation du bois","16","Travail du bois et fabrication d'articles en bois et en liège, à l’exception des meubles ; fabrication d’articles en vannerie et sparterie"
"fr_naf_124","1621Z","Fabrication de placage et de panneaux de bois","16","Travail du bois et fabrication d'articles en bois et en liège, à l’exception des meubles ; fabrication d’articles en vannerie et sparterie"
"fr_naf_125","1622Z","Fabrication de parquets assemblés","16","Travail du bois et fabrication d'articles en bois et en liège, à l’exception des meubles ; fabrication d’articles en vannerie et sparterie"
"fr_naf_126","1623Z","Fabrication de charpentes et d'autres menuiseries","16","Travail du bois et fabrication d'articles en bois et en liège, à l’exception des meubles ; fabrication d’articles en vannerie et sparterie"
"fr_naf_127","1624Z","Fabrication d'emballages en bois","16","Travail du bois et fabrication d'articles en bois et en liège, à l’exception des meubles ; fabrication d’articles en vannerie et sparterie"
"fr_naf_128","1629Z","Fabrication d'objets divers en bois ; fabrication d'objets en liège, vannerie et sparterie","16","Travail du bois et fabrication d'articles en bois et en liège, à l’exception des meubles ; fabrication d’articles en vannerie et sparterie"
"fr_naf_129","1629Z","Fabrication d'objets divers en bois; fabrication d'objets en liège, vannerie et sparterie","16","Travail du bois et fabrication d'articles en bois et en liège, à l’exception des meubles ; fabrication d’articles en vannerie et sparterie"
"fr_naf_130","1711Z","Fabrication de pâte à papier","17","Industrie du papier et du carton"
"fr_naf_131","1712Z","Fabrication de papier et de carton","17","Industrie du papier et du carton"
"fr_naf_132","1721A","Fabrication de carton ondulé","17","Industrie du papier et du carton"
"fr_naf_133","1721B","Fabrication de cartonnages","17","Industrie du papier et du carton"
"fr_naf_134","1721C","Fabrication d'emballages en papier","17","Industrie du papier et du carton"
"fr_naf_135","1722Z","Fabrication d'articles en papier à usage sanitaire ou domestique","17","Industrie du papier et du carton"
"fr_naf_136","1723Z","Fabrication d'articles de papeterie","17","Industrie du papier et du carton"
"fr_naf_137","1724Z","Fabrication de papiers peints","17","Industrie du papier et du carton"
"fr_naf_138","1729Z","Fabrication d'autres articles en papier ou en carton","17","Industrie du papier et du carton"
"fr_naf_139","1811Z","Imprimerie de journaux","18","Imprimerie et reproduction d'enregistrements"
"fr_naf_140","1812Z","Autre imprimerie (labeur)","18","Imprimerie et reproduction d'enregistrements"
"fr_naf_141","1813Z","Activités de pré-presse","18","Imprimerie et reproduction d'enregistrements"
"fr_naf_142","1814Z","Reliure et activités connexes","18","Imprimerie et reproduction d'enregistrements"
"fr_naf_143","1820Z","Reproduction d'enregistrements","18","Imprimerie et reproduction d'enregistrements"
"fr_naf_144","1910Z","Cokéfaction","19","Cokéfaction et raffinage"
"fr_naf_145","1920Z","Raffinage du pétrole","19","Cokéfaction et raffinage"
"fr_naf_146","2011Z","Fabrication de gaz industriels","20","Industrie chimique"
"fr_naf_147","2012Z","Fabrication de colorants et de pigments","20","Industrie chimique"
"fr_naf_148","2013A","Enrichissement et retraitement de matières nucléaires","20","Industrie chimique"
"fr_naf_149","2013B","Fabrication d'autres produits chimiques inorganiques de base nca","20","Industrie chimique"
"fr_naf_150","2014Z","Fabrication d'autres produits chimiques organiques de base","20","Industrie chimique"
"fr_naf_151","2015Z","Fabrication de produits azotés et d'engrais","20","Industrie chimique"
"fr_naf_152","2016Z","Fabrication de matières plastiques de base","20","Industrie chimique"
"fr_naf_153","2017Z","Fabrication de caoutchouc synthétique","20","Industrie chimique"
"fr_naf_154","2020Z","Fabrication de pesticides et d’autres produits agrochimiques","20","Industrie chimique"
"fr_naf_155","2030Z","Fabrication de peintures, vernis, encres et mastics","20","Industrie chimique"
"fr_naf_156","2041Z","Fabrication de savons, détergents et produits d'entretien","20","Industrie chimique"
"fr_naf_157","2042Z","Fabrication de parfums et de produits pour la toilette","20","Industrie chimique"
"fr_naf_158","2051Z","Fabrication de produits explosifs","20","Industrie chimique"
"fr_naf_159","2052Z","Fabrication de colles","20","Industrie chimique"
"fr_naf_160","2053Z","Fabrication d'huiles essentielles","20","Industrie chimique"
"fr_naf_161","2059Z","Fabrication d'autres produits chimiques nca","20","Industrie chimique"
"fr_naf_162","2060Z","Fabrication de fibres artificielles ou synthétiques","20","Industrie chimique"
"fr_naf_163","2110Z","Fabrication de produits pharmaceutiques de base","21","Industrie pharmaceutique"
"fr_naf_164","2120Z","Fabrication de préparations pharmaceutiques","21","Industrie pharmaceutique"
"fr_naf_165","2211Z","Fabrication et rechapage de pneumatiques","22","Fabrication de produits en caoutchouc et en plastique"
"fr_naf_166","2219Z","Fabrication d'autres articles en caoutchouc","22","Fabrication de produits en caoutchouc et en plastique"
"fr_naf_167","2221Z","Fabrication de plaques, feuilles, tubes et profilés en matières plastiques","22","Fabrication de produits en caoutchouc et en plastique"
"fr_naf_168","2222Z","Fabrication d'emballages en matières plastiques","22","Fabrication de produits en caoutchouc et en plastique"
"fr_naf_169","2223Z","Fabrication d'éléments en matières plastiques pour la construction","22","Fabrication de produits en caoutchouc et en plastique"
"fr_naf_170","2229A","Fabrication de pièces techniques à base de matières plastiques","22","Fabrication de produits en caoutchouc et en plastique"
"fr_naf_171","2229B","Fabrication de produits de consommation courante en matières plastiques","22","Fabrication de produits en caoutchouc et en plastique"
"fr_naf_172","2311Z","Fabrication de verre plat","23","Fabrication d'autres produits minéraux non métalliques"
"fr_naf_173","2312Z","Façonnage et transformation du verre plat","23","Fabrication d'autres produits minéraux non métalliques"
"fr_naf_174","2313Z","Fabrication de verre creux","23","Fabrication d'autres produits minéraux non métalliques"
"fr_naf_175","2314Z","Fabrication de fibres de verre","23","Fabrication d'autres produits minéraux non métalliques"
"fr_naf_176","2319Z","Fabrication et façonnage d'autres articles en verre, y compris verre technique","23","Fabrication d'autres produits minéraux non métalliques"
"fr_naf_177","2320Z","Fabrication de produits réfractaires","23","Fabrication d'autres produits minéraux non métalliques"
"fr_naf_178","2331Z","Fabrication de carreaux en céramique","23","Fabrication d'autres produits minéraux non métalliques"
"fr_naf_179","2332Z","Fabrication de briques, tuiles et produits de construction, en terre cuite","23","Fabrication d'autres produits minéraux non métalliques"
"fr_naf_180","2341Z","Fabrication d'articles céramiques à usage domestique ou ornemental","23","Fabrication d'autres produits minéraux non métalliques"
"fr_naf_181","2342Z","Fabrication d'appareils sanitaires en céramique","23","Fabrication d'autres produits minéraux non métalliques"
"fr_naf_182","2343Z","Fabrication d'isolateurs et pièces isolantes en céramique","23","Fabrication d'autres produits minéraux non métalliques"
"fr_naf_183","2344Z","Fabrication d'autres produits céramiques à usage technique","23","Fabrication d'autres produits minéraux non métalliques"
"fr_naf_184","2349Z","Fabrication d'autres produits céramiques","23","Fabrication d'autres produits minéraux non métalliques"
"fr_naf_185","2351Z","Fabrication de ciment","23","Fabrication d'autres produits minéraux non métalliques"
"fr_naf_186","2352Z","Fabrication de chaux et plâtre","23","Fabrication d'autres produits minéraux non métalliques"
"fr_naf_187","2361Z","Fabrication d'éléments en béton pour la construction","23","Fabrication d'autres produits minéraux non métalliques"
"fr_naf_188","2362Z","Fabrication d'éléments en plâtre pour la construction","23","Fabrication d'autres produits minéraux non métalliques"
"fr_naf_189","2363Z","Fabrication de béton prêt à l'emploi","23","Fabrication d'autres produits minéraux non métalliques"
"fr_naf_190","2364Z","Fabrication de mortiers et bétons secs","23","Fabrication d'autres produits minéraux non métalliques"
"fr_naf_191","2365Z","Fabrication d'ouvrages en fibre-ciment","23","Fabrication d'autres produits minéraux non métalliques"
"fr_naf_192","2369Z","Fabrication d'autres ouvrages en béton, en ciment ou en plâtre","23","Fabrication d'autres produits minéraux non métalliques"
"fr_naf_193","2370Z","Taille, façonnage et finissage de pierres","23","Fabrication d'autres produits minéraux non métalliques"
"fr_naf_194","2391Z","Fabrication de produits abrasifs","23","Fabrication d'autres produits minéraux non métalliques"
"fr_naf_195","2399Z","Fabrication d'autres produits minéraux non métalliques nca","23","Fabrication d'autres produits minéraux non métalliques"
"fr_naf_196","2410Z","Sidérurgie","24","Métallurgie"
"fr_naf_197","2420Z","Fabrication de tubes, tuyaux, profilés creux et accessoires correspondants en acier","24","Métallurgie"
"fr_naf_198","2431Z","Étirage à froid de barres","24","Métallurgie"
"fr_naf_199","2432Z","Laminage à froid de feuillards","24","Métallurgie"
"fr_naf_200","2433Z","Profilage à froid par formage ou pliage","24","Métallurgie"
"fr_naf_201","2434Z","Tréfilage à froid","24","Métallurgie"
"fr_naf_202","2441Z","Production de métaux précieux","24","Métallurgie"
"fr_naf_203","2442Z","Métallurgie de l'aluminium","24","Métallurgie"
"fr_naf_204","2443Z","Métallurgie du plomb, du zinc ou de l'étain","24","Métallurgie"
"fr_naf_205","2444Z","Métallurgie du cuivre","24","Métallurgie"
"fr_naf_206","2445Z","Métallurgie des autres métaux non ferreux","24","Métallurgie"
"fr_naf_207","2446Z","Élaboration et transformation de matières nucléaires","24","Métallurgie"
"fr_naf_208","2451Z","Fonderie de fonte","24","Métallurgie"
"fr_naf_209","2452Z","Fonderie d'acier","24","Métallurgie"
"fr_naf_210","2453Z","Fonderie de métaux légers","24","Métallurgie"
"fr_naf_211","2454Z","Fonderie d'autres métaux non ferreux","24","Métallurgie"
"fr_naf_212","2511Z","Fabrication de structures métalliques et de parties de structures","25","Fabrication de produits métalliques, à l’exception des machines et des équipements"
"fr_naf_213","2512Z","Fabrication de portes et fenêtres en métal","25","Fabrication de produits métalliques, à l’exception des machines et des équipements"
"fr_naf_214","2521Z","Fabrication de radiateurs et de chaudières pour le chauffage central","25","Fabrication de produits métalliques, à l’exception des machines et des équipements"
"fr_naf_215","2529Z","Fabrication d'autres réservoirs, citernes et conteneurs métalliques","25","Fabrication de produits métalliques, à l’exception des machines et des équipements"
"fr_naf_216","2530Z","Fabrication de générateurs de vapeur, à l'exception des chaudières pour le chauffage central","25","Fabrication de produits métalliques, à l’exception des machines et des équipements"
"fr_naf_217","2540Z","Fabrication d'armes et de munitions","25","Fabrication de produits métalliques, à l’exception des machines et des équipements"
"fr_naf_218","2550A","Forge, estampage, matriçage ; métallurgie des poudres","25","Fabrication de produits métalliques, à l’exception des machines et des équipements"
"fr_naf_219","2550B","Découpage, emboutissage","25","Fabrication de produits métalliques, à l’exception des machines et des équipements"
"fr_naf_220","2561Z","Traitement et revêtement des métaux","25","Fabrication de produits métalliques, à l’exception des machines et des équipements"
"fr_naf_221","2562A","Décolletage","25","Fabrication de produits métalliques, à l’exception des machines et des équipements"
"fr_naf_222","2562B","Mécanique industrielle","25","Fabrication de produits métalliques, à l’exception des machines et des équipements"
"fr_naf_223","2571Z","Fabrication de coutellerie","25","Fabrication de produits métalliques, à l’exception des machines et des équipements"
"fr_naf_224","2572Z","Fabrication de serrures et de ferrures","25","Fabrication de produits métalliques, à l’exception des machines et des équipements"
"fr_naf_225","2573A","Fabrication de moules et modèles","25","Fabrication de produits métalliques, à l’exception des machines et des équipements"
"fr_naf_226","2573B","Fabrication d'autres outillages","25","Fabrication de produits métalliques, à l’exception des machines et des équipements"
"fr_naf_227","2591Z","Fabrication de fûts et emballages métalliques similaires","25","Fabrication de produits métalliques, à l’exception des machines et des équipements"
"fr_naf_228","2592Z","Fabrication d'emballages métalliques légers","25","Fabrication de produits métalliques, à l’exception des machines et des équipements"
"fr_naf_229","2593Z","Fabrication d'articles en fils métalliques, de chaînes et de ressorts","25","Fabrication de produits métalliques, à l’exception des machines et des équipements"
"fr_naf_230","2594Z","Fabrication de vis et de boulons","25","Fabrication de produits métalliques, à l’exception des machines et des équipements"
"fr_naf_231","2599A","Fabrication d'articles métalliques ménagers","25","Fabrication de produits métalliques, à l’exception des machines et des équipements"
"fr_naf_232","2599B","Fabrication d'autres articles métalliques","25","Fabrication de produits métalliques, à l’exception des machines et des équipements"
"fr_naf_233","2611Z","Fabrication de composants électroniques","26","Fabrication de produits informatiques, électroniques et optiques"
"fr_naf_234","2612Z","Fabrication de cartes électroniques assemblées","26","Fabrication de produits informatiques, électroniques et optiques"
"fr_naf_235","2620Z","Fabrication d'ordinateurs et d'équipements périphériques","26","Fabrication de produits informatiques, électroniques et optiques"
"fr_naf_236","2630Z","Fabrication d'équipements de communication","26","Fabrication de produits informatiques, électroniques et optiques"
"fr_naf_237","2640Z","Fabrication de produits électroniques grand public","26","Fabrication de produits informatiques, électroniques et optiques"
"fr_naf_238","2651A","Fabrication d'équipements d'aide à la navigation","26","Fabrication de produits informatiques, électroniques et optiques"
"fr_naf_239","2651B","Fabrication d'instrumentation scientifique et technique","26","Fabrication de produits informatiques, électroniques et optiques"
"fr_naf_240","2652Z","Horlogerie","26","Fabrication de produits informatiques, électroniques et optiques"
"fr_naf_241","2660Z","Fabrication d'équipements d'irradiation médicale, d'équipements électromédicaux et électrothérapeutiques","26","Fabrication de produits informatiques, électroniques et optiques"
"fr_naf_242","2670Z","Fabrication de matériels optique et photographique","26","Fabrication de produits informatiques, électroniques et optiques"
"fr_naf_243","2680Z","Fabrication de supports magnétiques et optiques","26","Fabrication de produits informatiques, électroniques et optiques"
"fr_naf_244","2711Z","Fabrication de moteurs, génératrices et transformateurs électriques","27","Fabrication d'équipements électriques"
"fr_naf_245","2712Z","Fabrication de matériel de distribution et de commande électrique","27","Fabrication d'équipements électriques"
"fr_naf_246","2720Z","Fabrication de piles et d'accumulateurs électriques","27","Fabrication d'équipements électriques"
"fr_naf_247","2731Z","Fabrication de câbles de fibres optiques","27","Fabrication d'équipements électriques"
"fr_naf_248","2732Z","Fabrication d'autres fils et câbles électroniques ou électriques","27","Fabrication d'équipements électriques"
"fr_naf_249","2733Z","Fabrication de matériel d'installation électrique","27","Fabrication d'équipements électriques"
"fr_naf_250","2740Z","Fabrication d'appareils d'éclairage électrique","27","Fabrication d'équipements électriques"
"fr_naf_251","2751Z","Fabrication d'appareils électroménagers","27","Fabrication d'équipements électriques"
"fr_naf_252","2752Z","Fabrication d'appareils ménagers non électriques","27","Fabrication d'équipements électriques"
"fr_naf_253","2790Z","Fabrication d'autres matériels électriques","27","Fabrication d'équipements électriques"
"fr_naf_254","2811Z","Fabrication de moteurs et turbines, à l'exception des moteurs d’avions et de véhicules","28","Fabrication de machines et équipements n.c.a."
"fr_naf_255","2812Z","Fabrication d'équipements hydrauliques et pneumatiques","28","Fabrication de machines et équipements n.c.a."
"fr_naf_256","2813Z","Fabrication d'autres pompes et compresseurs","28","Fabrication de machines et équipements n.c.a."
"fr_naf_257","2814Z","Fabrication d'autres articles de robinetterie","28","Fabrication de machines et équipements n.c.a."
"fr_naf_258","2815Z","Fabrication d'engrenages et d'organes mécaniques de transmission","28","Fabrication de machines et équipements n.c.a."
"fr_naf_259","2821Z","Fabrication de fours et brûleurs","28","Fabrication de machines et équipements n.c.a."
"fr_naf_260","2822Z","Fabrication de matériel de levage et de manutention","28","Fabrication de machines et équipements n.c.a."
"fr_naf_261","2823Z","Fabrication de machines et d'équipements de bureau (à l'exception des ordinateurs et équipements périphériques)","28","Fabrication de machines et équipements n.c.a."
"fr_naf_262","2824Z","Fabrication d'outillage portatif à moteur incorporé","28","Fabrication de machines et équipements n.c.a."
"fr_naf_263","2825Z","Fabrication d'équipements aérauliques et frigorifiques industriels","28","Fabrication de machines et équipements n.c.a."
"fr_naf_264","2829A","Fabrication d'équipements d'emballage, de conditionnement et de pesage","28","Fabrication de machines et équipements n.c.a."
"fr_naf_265","2829B","Fabrication d'autres machines d'usage général","28","Fabrication de machines et équipements n.c.a."
"fr_naf_266","2830Z","Fabrication de machines agricoles et forestières","28","Fabrication de machines et équipements n.c.a."
"fr_naf_267","2841Z","Fabrication de machines-outils pour le travail des métaux","28","Fabrication de machines et équipements n.c.a."
"fr_naf_268","2849Z","Fabrication d'autres machines-outils","28","Fabrication de machines et équipements n.c.a."
"fr_naf_269","2891Z","Fabrication de machines pour la métallurgie","28","Fabrication de machines et équipements n.c.a."
"fr_naf_270","2892Z","Fabrication de machines pour l'extraction ou la construction","28","Fabrication de machines et équipements n.c.a."
"fr_naf_271","2893Z","Fabrication de machines pour l'industrie agro-alimentaire","28","Fabrication de machines et équipements n.c.a."
"fr_naf_272","2894Z","Fabrication de machines pour les industries textiles","28","Fabrication de machines et équipements n.c.a."
"fr_naf_273","2895Z","Fabrication de machines pour les industries du papier et du carton","28","Fabrication de machines et équipements n.c.a."
"fr_naf_274","2896Z","Fabrication de machines pour le travail du caoutchouc ou des plastiques","28","Fabrication de machines et équipements n.c.a."
"fr_naf_275","2899A","Fabrication de machines d'imprimerie","28","Fabrication de machines et équipements n.c.a."
"fr_naf_276","2899B","Fabrication d'autres machines spécialisées","28","Fabrication de machines et équipements n.c.a."
"fr_naf_277","2910Z","Construction de véhicules automobiles","29","Industrie automobile"
"fr_naf_278","2920Z","Fabrication de carrosseries et remorques","29","Industrie automobile"
"fr_naf_279","2931Z","Fabrication d'équipements électriques et électroniques automobiles","29","Industrie automobile"
"fr_naf_280","2932Z","Fabrication d'autres équipements automobiles","29","Industrie automobile"
"fr_naf_281","3011Z","Construction de navires et de structures flottantes","30","Fabrication d'autres matériels de transport"
"fr_naf_282","3012Z","Construction de bateaux de plaisance","30","Fabrication d'autres matériels de transport"
"fr_naf_283","3020Z","Construction de locomotives et d'autre matériel ferroviaire roulant","30","Fabrication d'autres matériels de transport"
"fr_naf_284","3030Z","Construction aéronautique et spatiale","30","Fabrication d'autres matériels de transport"
"fr_naf_285","3040Z","Construction de véhicules militaires de combat","30","Fabrication d'autres matériels de transport"
"fr_naf_286","3091Z","Fabrication de motocycles","30","Fabrication d'autres matériels de transport"
"fr_naf_287","3092Z","Fabrication de bicyclettes et de véhicules pour invalides","30","Fabrication d'autres matériels de transport"
"fr_naf_288","3099Z","Fabrication d’autres équipements de transport nca","30","Fabrication d'autres matériels de transport"
"fr_naf_289","3101Z","Fabrication de meubles de bureau et de magasin","31","Fabrication de meubles"
"fr_naf_290","3102Z","Fabrication de meubles de cuisine","31","Fabrication de meubles"
"fr_naf_291","3103Z","Fabrication de matelas","31","Fabrication de meubles"
"fr_naf_292","3109A","Fabrication de sièges d'ameublement d'intérieur","31","Fabrication de meubles"
"fr_naf_293","3109B","Fabrication d’autres meubles et industries connexes de l’ameublement","31","Fabrication de meubles"
"fr_naf_294","3109B","Fabrication d'autres meubles et industries connexes de l'ameublement","31","Fabrication de meubles"
"fr_naf_295","3211Z","Frappe de monnaie","32","Autres industries manufacturières"
"fr_naf_296","3212Z","Fabrication d’articles de joaillerie et bijouterie","32","Autres industries manufacturières"
"fr_naf_297","3213Z","Fabrication d’articles de bijouterie fantaisie et articles similaires","32","Autres industries manufacturières"
"fr_naf_298","3220Z","Fabrication d'instruments de musique","32","Autres industries manufacturières"
"fr_naf_299","3230Z","Fabrication d'articles de sport","32","Autres industries manufacturières"
"fr_naf_300","3240Z","Fabrication de jeux et jouets","32","Autres industries manufacturières"
"fr_naf_301","3250A","Fabrication de matériel chirurgical et dentaire","32","Autres industries manufacturières"
"fr_naf_302","3250A","Fabrication de matériel médico-chirurgical et dentaire","32","Autres industries manufacturières"
"fr_naf_303","3250A","Fabrication de matériels médico-chirurgical et dentaire","32","Autres industries manufacturières"
"fr_naf_304","3250B","Fabrication de lunettes","32","Autres industries manufacturières"
"fr_naf_305","3291Z","Fabrication d’articles de brosserie","32","Autres industries manufacturières"
"fr_naf_306","3299Z","Autres activités manufacturières nca","32","Autres industries manufacturières"
"fr_naf_307","3311Z","Réparation d'ouvrages en métaux","33","Réparation et installation de machines et d'équipements "
"fr_naf_308","3312Z","Réparation de machines et équipements mécaniques","33","Réparation et installation de machines et d'équipements "
"fr_naf_309","3313Z","Réparation de matériels électroniques et optiques","33","Réparation et installation de machines et d'équipements "
"fr_naf_310","3314Z","Réparation d'équipements électriques","33","Réparation et installation de machines et d'équipements "
"fr_naf_311","3315Z","Réparation et maintenance navale","33","Réparation et installation de machines et d'équipements "
"fr_naf_312","3316Z","Réparation et maintenance d'aéronefs et d'engins spatiaux","33","Réparation et installation de machines et d'équipements "
"fr_naf_313","3317Z","Réparation et maintenance d'autres équipements de transport","33","Réparation et installation de machines et d'équipements "
"fr_naf_314","3319Z","Réparation d'autres équipements","33","Réparation et installation de machines et d'équipements "
"fr_naf_315","3320A","Installation de structures métalliques, chaudronnées et de tuyauterie","33","Réparation et installation de machines et d'équipements "
"fr_naf_316","3320B","Installation de machines et équipements mécaniques","33","Réparation et installation de machines et d'équipements "
"fr_naf_317","3320C","Conception d'ensemble et assemblage sur site industriel d'équipements de contrôle des processus industriels","33","Réparation et installation de machines et d'équipements "
"fr_naf_318","3320D","Installation d'équipements électriques, de matériels électroniques et optiques ou d'autres matériels","33","Réparation et installation de machines et d'équipements "
"fr_naf_319","3511Z","Production d'électricité","35","Production et distribution d'électricité, de gaz, de vapeur et d'air conditionné"
"fr_naf_320","3512Z","Transport d'électricité","35","Production et distribution d'électricité, de gaz, de vapeur et d'air conditionné"
"fr_naf_321","3513Z","Distribution d'électricité","35","Production et distribution d'électricité, de gaz, de vapeur et d'air conditionné"
"fr_naf_322","3514Z","Commerce d'électricité","35","Production et distribution d'électricité, de gaz, de vapeur et d'air conditionné"
"fr_naf_323","3521Z","Production de combustibles gazeux","35","Production et distribution d'électricité, de gaz, de vapeur et d'air conditionné"
"fr_naf_324","3522Z","Distribution de combustibles gazeux par conduites","35","Production et distribution d'électricité, de gaz, de vapeur et d'air conditionné"
"fr_naf_325","3523Z","Commerce de combustibles gazeux par conduites","35","Production et distribution d'électricité, de gaz, de vapeur et d'air conditionné"
"fr_naf_326","3530Z","Production et distribution de vapeur et d'air conditionné","35","Production et distribution d'électricité, de gaz, de vapeur et d'air conditionné"
"fr_naf_327","3600Z","Captage, traitement et distribution d'eau","36","Captage, traitement et distribution d'eau "
"fr_naf_328","3700Z","Collecte et traitement des eaux usées","37","Collecte et traitement des eaux usées"
"fr_naf_329","3811Z","Collecte des déchets non dangereux","38","Collecte, traitement et élimination des déchets ; récupération"
"fr_naf_330","3812Z","Collecte des déchets dangereux","38","Collecte, traitement et élimination des déchets ; récupération"
"fr_naf_331","3821Z","Traitement et élimination des déchets non dangereux","38","Collecte, traitement et élimination des déchets ; récupération"
"fr_naf_332","3822Z","Traitement et élimination des déchets dangereux","38","Collecte, traitement et élimination des déchets ; récupération"
"fr_naf_333","3831Z","Démantèlement d'épaves","38","Collecte, traitement et élimination des déchets ; récupération"
"fr_naf_334","3832Z","Récupération de déchets triés","38","Collecte, traitement et élimination des déchets ; récupération"
"fr_naf_335","3900Z","Dépollution et autres services de gestion des déchets","39","Dépollution et autres services de gestion des déchets"
"fr_naf_336","4110A","Promotion immobilière de logements","41","Construction de bâtiments "
"fr_naf_337","4110B","Promotion immobilière de bureaux","41","Construction de bâtiments "
"fr_naf_338","4110C","Promotion immobilière d'autres bâtiments","41","Construction de bâtiments "
"fr_naf_339","4110D","Supports juridiques de programmes","41","Construction de bâtiments "
"fr_naf_340","4120A","Construction de maisons individuelles","41","Construction de bâtiments "
"fr_naf_341","4120B","Construction d'autres bâtiments","41","Construction de bâtiments "
"fr_naf_342","4211Z","Construction de routes et autoroutes","42","Génie civil"
"fr_naf_343","4212Z","Construction de voies ferrées de surface et souterraines","42","Génie civil"
"fr_naf_344","4213A","Construction d'ouvrages d'art","42","Génie civil"
"fr_naf_345","4213B","Construction et entretien de tunnels","42","Génie civil"
"fr_naf_346","4221Z","Construction de réseaux pour fluides","42","Génie civil"
"fr_naf_347","4222Z","Construction de réseaux électriques et de télécommunications","42","Génie civil"
"fr_naf_348","4291Z","Construction d'ouvrages maritimes et fluviaux","42","Génie civil"
"fr_naf_349","4299Z","Construction d'autres ouvrages de génie civil nca","42","Génie civil"
"fr_naf_350","4311Z","Travaux de démolition","43","Travaux de construction spécialisés "
"fr_naf_351","4312A","Travaux de terrassement courants et travaux préparatoires","43","Travaux de construction spécialisés "
"fr_naf_352","4312B","Travaux de terrassement spécialisés ou de grande masse","43","Travaux de construction spécialisés "
"fr_naf_353","4313Z","Forages et sondages","43","Travaux de construction spécialisés "
"fr_naf_354","4321A","Travaux d'installation électrique dans tous locaux","43","Travaux de construction spécialisés "
"fr_naf_355","4321B","Travaux d'installation électrique sur la voie publique","43","Travaux de construction spécialisés "
"fr_naf_356","4322A","Travaux d'installation d'eau et de gaz en tous locaux","43","Travaux de construction spécialisés "
"fr_naf_357","4322B","Travaux d' installation d'équipements thermiques et de climatisation","43","Travaux de construction spécialisés "
"fr_naf_358","4329A","Travaux d'isolation","43","Travaux de construction spécialisés "
"fr_naf_359","4329B","Autres travaux d'installation nca","43","Travaux de construction spécialisés "
"fr_naf_360","4331Z","Travaux de plâtrerie","43","Travaux de construction spécialisés "
"fr_naf_361","4332A","Travaux de menuiserie bois et PVC","43","Travaux de construction spécialisés "
"fr_naf_362","4332B","Travaux de menuiserie métallique et serrurerie","43","Travaux de construction spécialisés "
"fr_naf_363","4332C","Agencement de lieux de vente","43","Travaux de construction spécialisés "
"fr_naf_364","4333Z","Travaux de revêtement des sols et des murs","43","Travaux de construction spécialisés "
"fr_naf_365","4334Z","Travaux de peinture et vitrerie","43","Travaux de construction spécialisés "
"fr_naf_366","4339Z","Autres travaux de finition","43","Travaux de construction spécialisés "
"fr_naf_367","4391A","Travaux de charpente","43","Travaux de construction spécialisés "
"fr_naf_368","4391B","Travaux de couverture par éléments","43","Travaux de construction spécialisés "
"fr_naf_369","4399A","Travaux d'étanchéification","43","Travaux de construction spécialisés "
"fr_naf_370","4399B","Travaux de montage de structures métalliques","43","Travaux de construction spécialisés "
"fr_naf_371","4399C","Travaux de maçonnerie générale et gros œuvre de bâtiment","43","Travaux de construction spécialisés "
"fr_naf_372","4399D","Autres travaux spécialisés de construction","43","Travaux de construction spécialisés "
"fr_naf_373","4399E","Location avec opérateur de matériel de construction","43","Travaux de construction spécialisés "
"fr_naf_374","4511Z","Commerce de voitures et de véhicules automobiles légers","45","Commerce et réparation d'automobiles et de motocycles"
"fr_naf_375","4519Z","Commerce d'autres véhicules automobiles","45","Commerce et réparation d'automobiles et de motocycles"
"fr_naf_376","4520A","Entretien et réparation de véhicules automobiles légers","45","Commerce et réparation d'automobiles et de motocycles"
"fr_naf_377","4520B","Entretien et réparation d'autres véhicules automobiles","45","Commerce et réparation d'automobiles et de motocycles"
"fr_naf_378","4531Z","Commerce de gros d'équipements automobiles","45","Commerce et réparation d'automobiles et de motocycles"
"fr_naf_379","4532Z","Commerce de détail d'équipements automobiles","45","Commerce et réparation d'automobiles et de motocycles"
"fr_naf_380","4540Z","Commerce et réparation de motocycles","45","Commerce et réparation d'automobiles et de motocycles"
"fr_naf_381","4611Z","Intermédiaires du commerce en matières premières agricoles, animaux vivants, matières premières textiles et produits semi-finis","46","Commerce de gros, à l’exception des automobiles et des motocycles"
"fr_naf_382","4612A","Centrales d'achat de carburant","46","Commerce de gros, à l’exception des automobiles et des motocycles"
"fr_naf_383","4612B","Autres intermédiaires du commerce en combustibles, métaux, minéraux et produits chimiques","46","Commerce de gros, à l’exception des automobiles et des motocycles"
"fr_naf_384","4613Z","Intermédiaires du commerce en bois et matériaux de construction","46","Commerce de gros, à l’exception des automobiles et des motocycles"
"fr_naf_385","4614Z","Intermédiaires du commerce en machines, équipements industriels, navires et avions","46","Commerce de gros, à l’exception des automobiles et des motocycles"
"fr_naf_386","4615Z","Intermédiaires du commerce en meubles, articles de ménage et quincaillerie","46","Commerce de gros, à l’exception des automobiles et des motocycles"
"fr_naf_387","4616Z","Intermédiaires du commerce en textiles, habillement, fourrures, chaussures et articles en cuir","46","Commerce de gros, à l’exception des automobiles et des motocycles"
"fr_naf_388","4617A","Centrales d'achat alimentaires","46","Commerce de gros, à l’exception des automobiles et des motocycles"
"fr_naf_389","4617B","Autres intermédiaires du commerce en denrées, boissons et tabac","46","Commerce de gros, à l’exception des automobiles et des motocycles"
"fr_naf_390","4618Z","Intermédiaires spécialisés dans le commerce d'autres produits spécifiques","46","Commerce de gros, à l’exception des automobiles et des motocycles"
"fr_naf_391","4619A","Centrales d'achat non alimentaires","46","Commerce de gros, à l’exception des automobiles et des motocycles"
"fr_naf_392","4619B","Autres intermédiaires du commerce en produits divers","46","Commerce de gros, à l’exception des automobiles et des motocycles"
"fr_naf_393","4621Z","Commerce de gros (commerce interentreprises) de céréales, de tabac non manufacturé, de semences et d'aliments pour le bétail","46","Commerce de gros, à l’exception des automobiles et des motocycles"
"fr_naf_394","4622Z","Commerce de gros (commerce interentreprises) de fleurs et plantes","46","Commerce de gros, à l’exception des automobiles et des motocycles"
"fr_naf_395","4623Z","Commerce de gros (commerce interentreprises) d'animaux vivants","46","Commerce de gros, à l’exception des automobiles et des motocycles"
"fr_naf_396","4624Z","Commerce de gros (commerce interentreprises) de cuirs et peaux","46","Commerce de gros, à l’exception des automobiles et des motocycles"
"fr_naf_397","4631Z","Commerce de gros (commerce interentreprises) de fruits et légumes","46","Commerce de gros, à l’exception des automobiles et des motocycles"
"fr_naf_398","4632A","Commerce de gros (commerce interentreprises) de viandes de boucherie","46","Commerce de gros, à l’exception des automobiles et des motocycles"
"fr_naf_399","4632B","Commerce de gros (commerce interentreprises) de produits à base de viande","46","Commerce de gros, à l’exception des automobiles et des motocycles"
"fr_naf_400","4632C","Commerce de gros (commerce interentreprises) de volailles et gibier","46","Commerce de gros, à l’exception des automobiles et des motocycles"
"fr_naf_401","4633Z","Commerce de gros (commerce interentreprises) de produits laitiers, œufs, huiles et matières grasses comestibles","46","Commerce de gros, à l’exception des automobiles et des motocycles"
"fr_naf_402","4634Z","Commerce de gros (commerce interentreprises) de boissons","46","Commerce de gros, à l’exception des automobiles et des motocycles"
"fr_naf_403","4635Z","Commerce de gros (commerce interentreprises) de produits à base de tabac","46","Commerce de gros, à l’exception des automobiles et des motocycles"
"fr_naf_404","4636Z","Commerce de gros (commerce interentreprises) de sucre, chocolat et confiserie","46","Commerce de gros, à l’exception des automobiles et des motocycles"
"fr_naf_405","4637Z","Commerce de gros (commerce interentreprises) de café, thé, cacao et épices","46","Commerce de gros, à l’exception des automobiles et des motocycles"
"fr_naf_406","4638A","Commerce de gros (commerce interentreprises) de poissons, crustacés et mollusques","46","Commerce de gros, à l’exception des automobiles et des motocycles"
"fr_naf_407","4638B","Commerce de gros (commerce interentreprises) alimentaire spécialisé divers","46","Commerce de gros, à l’exception des automobiles et des motocycles"
"fr_naf_408","4639A","Commerce de gros (commerce interentreprises) de produits surgelés","46","Commerce de gros, à l’exception des automobiles et des motocycles"
"fr_naf_409","4639B","Commerce de gros (commerce interentreprises) alimentaire non spécialisé","46","Commerce de gros, à l’exception des automobiles et des motocycles"
"fr_naf_410","4641Z","Commerce de gros (commerce interentreprises) de textiles","46","Commerce de gros, à l’exception des automobiles et des motocycles"
"fr_naf_411","4642Z","Commerce de gros (commerce interentreprises) d'habillement et de chaussures","46","Commerce de gros, à l’exception des automobiles et des motocycles"
"fr_naf_412","4643Z","Commerce de gros (commerce interentreprises) d'appareils électroménagers","46","Commerce de gros, à l’exception des automobiles et des motocycles"
"fr_naf_413","4644Z","Commerce de gros (commerce interentreprises) de vaisselle, verrerie et produits d'entretien","46","Commerce de gros, à l’exception des automobiles et des motocycles"
"fr_naf_414","4645Z","Commerce de gros (commerce interentreprises) de parfumerie et de produits de beauté","46","Commerce de gros, à l’exception des automobiles et des motocycles"
"fr_naf_415","4646Z","Commerce de gros (commerce interentreprises) de produits pharmaceutiques","46","Commerce de gros, à l’exception des automobiles et des motocycles"
"fr_naf_416","4647Z","Commerce de gros (commerce interentreprises) de meubles, de tapis et d'appareils d'éclairage","46","Commerce de gros, à l’exception des automobiles et des motocycles"
"fr_naf_417","4648Z","Commerce de gros (commerce interentreprises) d'articles d'horlogerie et de bijouterie","46","Commerce de gros, à l’exception des automobiles et des motocycles"
"fr_naf_418","4649Z","Commerce de gros (commerce interentreprises) d'autres biens domestiques","46","Commerce de gros, à l’exception des automobiles et des motocycles"
"fr_naf_419","4651Z","Commerce de gros (commerce interentreprises) d'ordinateurs, d'équipements informatiques périphériques et de logiciels","46","Commerce de gros, à l’exception des automobiles et des motocycles"
"fr_naf_420","4652Z","Commerce de gros (commerce interentreprises) de composants et d'équipements électroniques et de télécommunication","46","Commerce de gros, à l’exception des automobiles et des motocycles"
"fr_naf_421","4661Z","Commerce de gros (commerce interentreprises) de matériel agricole","46","Commerce de gros, à l’exception des automobiles et des motocycles"
"fr_naf_422","4662Z","Commerce de gros (commerce interentreprises) de machines-outils","46","Commerce de gros, à l’exception des automobiles et des motocycles"
"fr_naf_423","4663Z","Commerce de gros (commerce interentreprises) de machines pour l'extraction, la construction et le génie civil","46","Commerce de gros, à l’exception des automobiles et des motocycles"
"fr_naf_424","4664Z","Commerce de gros (commerce interentreprises) de machines pour l'industrie textile et l'habillement","46","Commerce de gros, à l’exception des automobiles et des motocycles"
"fr_naf_425","4665Z","Commerce de gros (commerce interentreprises) de mobilier de bureau","46","Commerce de gros, à l’exception des automobiles et des motocycles"
"fr_naf_426","4666Z","Commerce de gros (commerce interentreprises) d'autres machines et équipements de bureau","46","Commerce de gros, à l’exception des automobiles et des motocycles"
"fr_naf_427","4669A","Commerce de gros (commerce interentreprises) de matériel électrique","46","Commerce de gros, à l’exception des automobiles et des motocycles"
"fr_naf_428","4669B","Commerce de gros (commerce interentreprises) de fournitures et équipements industriels divers","46","Commerce de gros, à l’exception des automobiles et des motocycles"
"fr_naf_429","4669C","Commerce de gros (commerce interentreprises) de fournitures et équipements divers pour le commerce et les services","46","Commerce de gros, à l’exception des automobiles et des motocycles"
"fr_naf_430","4671Z","Commerce de gros (commerce interentreprises) de combustibles et de produits annexes","46","Commerce de gros, à l’exception des automobiles et des motocycles"
"fr_naf_431","4672Z","Commerce de gros (commerce interentreprises) de minerais et métaux","46","Commerce de gros, à l’exception des automobiles et des motocycles"
"fr_naf_432","4673A","Commerce de gros (commerce interentreprises) de bois et de matériaux de construction","46","Commerce de gros, à l’exception des automobiles et des motocycles"
"fr_naf_433","4673B","Commerce de gros (commerce interentreprises) d'appareils sanitaires et de produits de décoration","46","Commerce de gros, à l’exception des automobiles et des motocycles"
"fr_naf_434","4674A","Commerce de gros (commerce interentreprises) de quincaillerie","46","Commerce de gros, à l’exception des automobiles et des motocycles"
"fr_naf_435","4674B","Commerce de gros (commerce interentreprises) de fournitures pour la plomberie et le chauffage","46","Commerce de gros, à l’exception des automobiles et des motocycles"
"fr_naf_436","4675Z","Commerce de gros (commerce interentreprises) de produits chimiques","46","Commerce de gros, à l’exception des automobiles et des motocycles"
"fr_naf_437","4676Z","Commerce de gros (commerce interentreprises) d'autres produits intermédiaires","46","Commerce de gros, à l’exception des automobiles et des motocycles"
"fr_naf_438","4677Z","Commerce de gros (commerce interentreprises) de déchets et débris","46","Commerce de gros, à l’exception des automobiles et des motocycles"
"fr_naf_439","4690Z","Commerce de gros (commerce interentreprises) non spécialisé","46","Commerce de gros, à l’exception des automobiles et des motocycles"
"fr_naf_440","4711A","Commerce de détail de produits surgelés","47","Commerce de détail, à l’exception des automobiles et des motocycles"
"fr_naf_441","4711B","Commerce d'alimentation générale","47","Commerce de détail, à l’exception des automobiles et des motocycles"
"fr_naf_442","4711C","Supérettes","47","Commerce de détail, à l’exception des automobiles et des motocycles"
"fr_naf_443","4711D","Supermarchés","47","Commerce de détail, à l’exception des automobiles et des motocycles"
"fr_naf_444","4711E","Magasins multi-commerces","47","Commerce de détail, à l’exception des automobiles et des motocycles"
"fr_naf_445","4711F","Hypermarchés","47","Commerce de détail, à l’exception des automobiles et des motocycles"
"fr_naf_446","4719A","Grands magasins","47","Commerce de détail, à l’exception des automobiles et des motocycles"
"fr_naf_447","4719B","Autres commerces de détail en magasin non spécialisé","47","Commerce de détail, à l’exception des automobiles et des motocycles"
"fr_naf_448","4721Z","Commerce de détail de fruits et légumes en magasin spécialisé","47","Commerce de détail, à l’exception des automobiles et des motocycles"
"fr_naf_449","4722Z","Commerce de détail de viandes et de produits à base de viande en magasin spécialisé","47","Commerce de détail, à l’exception des automobiles et des motocycles"
"fr_naf_450","4723Z","Commerce de détail de poissons, crustacés et mollusques en magasin spécialisé","47","Commerce de détail, à l’exception des automobiles et des motocycles"
"fr_naf_451","4724Z","Commerce de détail de pain, pâtisserie et confiserie en magasin spécialisé","47","Commerce de détail, à l’exception des automobiles et des motocycles"
"fr_naf_452","4725Z","Commerce de détail de boissons en magasin spécialisé","47","Commerce de détail, à l’exception des automobiles et des motocycles"
"fr_naf_453","4726Z","Commerce de détail de produits à base de tabac en magasin spécialisé","47","Commerce de détail, à l’exception des automobiles et des motocycles"
"fr_naf_454","4729Z","Autres commerces de détail alimentaires en magasin spécialisé","47","Commerce de détail, à l’exception des automobiles et des motocycles"
"fr_naf_455","4730Z","Commerce de détail de carburants en magasin spécialisé","47","Commerce de détail, à l’exception des automobiles et des motocycles"
"fr_naf_456","4741Z","Commerce de détail d'ordinateurs, d'unités périphériques et de logiciels en magasin spécialisé","47","Commerce de détail, à l’exception des automobiles et des motocycles"
"fr_naf_457","4742Z","Commerce de détail de matériels de télécommunication en magasin spécialisé","47","Commerce de détail, à l’exception des automobiles et des motocycles"
"fr_naf_458","4743Z","Commerce de détail de matériels audio et vidéo en magasin spécialisé","47","Commerce de détail, à l’exception des automobiles et des motocycles"
"fr_naf_459","4751Z","Commerce de détail de textiles en magasin spécialisé","47","Commerce de détail, à l’exception des automobiles et des motocycles"
"fr_naf_460","4752A","Commerce de détail de quincaillerie, peintures et verres en petites surfaces (moins de 400 m2)","47","Commerce de détail, à l’exception des automobiles et des motocycles"
"fr_naf_461","4752B","Commerce de détail de quincaillerie, peintures et verres en grandes surfaces (400 m2 et plus)","47","Commerce de détail, à l’exception des automobiles et des motocycles"
"fr_naf_462","4753Z","Commerce de détail de tapis, moquettes et revêtements de murs et de sols en magasin spécialisé","47","Commerce de détail, à l’exception des automobiles et des motocycles"
"fr_naf_463","4754Z","Commerce de détail d'appareils électroménagers en magasin spécialisé","47","Commerce de détail, à l’exception des automobiles et des motocycles"
"fr_naf_464","4759A","Commerce de détail de meubles","47","Commerce de détail, à l’exception des automobiles et des motocycles"
"fr_naf_465","4759B","Commerce de détail d'autres équipements du foyer","47","Commerce de détail, à l’exception des automobiles et des motocycles"
"fr_naf_466","4761Z","Commerce de détail de livres en magasin spécialisé","47","Commerce de détail, à l’exception des automobiles et des motocycles"
"fr_naf_467","4762Z","Commerce de détail de journaux et papeterie en magasin spécialisé","47","Commerce de détail, à l’exception des automobiles et des motocycles"
"fr_naf_468","4763Z","Commerce de détail d'enregistrements musicaux et vidéo en magasin spécialisé","47","Commerce de détail, à l’exception des automobiles et des motocycles"
"fr_naf_469","4764Z","Commerce de détail d'articles de sport en magasin spécialisé","47","Commerce de détail, à l’exception des automobiles et des motocycles"
"fr_naf_470","4765Z","Commerce de détail de jeux et jouets en magasin spécialisé","47","Commerce de détail, à l’exception des automobiles et des motocycles"
"fr_naf_471","4771Z","Commerce de détail d'habillement en magasin spécialisé","47","Commerce de détail, à l’exception des automobiles et des motocycles"
"fr_naf_472","4772A","Commerce de détail de la chaussure","47","Commerce de détail, à l’exception des automobiles et des motocycles"
"fr_naf_473","4772B","Commerce de détail de maroquinerie et d'articles de voyage","47","Commerce de détail, à l’exception des automobiles et des motocycles"
"fr_naf_474","4773Z","Commerce de détail de produits pharmaceutiques en magasin spécialisé","47","Commerce de détail, à l’exception des automobiles et des motocycles"
"fr_naf_475","4774Z","Commerce de détail d'articles médicaux et orthopédiques en magasin spécialisé","47","Commerce de détail, à l’exception des automobiles et des motocycles"
"fr_naf_476","4775Z","Commerce de détail de parfumerie et de produits de beauté en magasin spécialisé","47","Commerce de détail, à l’exception des automobiles et des motocycles"
"fr_naf_477","4776Z","Commerce de détail de fleurs, plantes, graines, engrais, animaux de compagnie et aliments pour ces animaux en magasin spécialisé","47","Commerce de détail, à l’exception des automobiles et des motocycles"
"fr_naf_478","4777Z","Commerce de détail d'articles d'horlogerie et de bijouterie en magasin spécialisé","47","Commerce de détail, à l’exception des automobiles et des motocycles"
"fr_naf_479","4778A","Commerces de détail d'optique","47","Commerce de détail, à l’exception des automobiles et des motocycles"
"fr_naf_480","4778B","Commerces de détail de charbons et combustibles","47","Commerce de détail, à l’exception des automobiles et des motocycles"
"fr_naf_481","4778C","Autres commerces de détail spécialisés divers","47","Commerce de détail, à l’exception des automobiles et des motocycles"
"fr_naf_482","4779Z","Commerce de détail de biens d'occasion en magasin","47","Commerce de détail, à l’exception des automobiles et des motocycles"
"fr_naf_483","4781Z","Commerce de détail alimentaire sur éventaires et marchés","47","Commerce de détail, à l’exception des automobiles et des motocycles"
"fr_naf_484","4782Z","Commerce de détail de textiles, d'habillement et de chaussures sur éventaires et marchés","47","Commerce de détail, à l’exception des automobiles et des motocycles"
"fr_naf_485","4789Z","Autres commerces de détail sur éventaires et marchés","47","Commerce de détail, à l’exception des automobiles et des motocycles"
"fr_naf_486","4791A","Vente à distance sur catalogue général","47","Commerce de détail, à l’exception des automobiles et des motocycles"
"fr_naf_487","4791B","Vente à distance sur catalogue spécialisé","47","Commerce de détail, à l’exception des automobiles et des motocycles"
"fr_naf_488","4799A","Vente à domicile","47","Commerce de détail, à l’exception des automobiles et des motocycles"
"fr_naf_489","4799B","Vente par automates et autres commerces de détail hors magasin, éventaires ou marchés nca","47","Commerce de détail, à l’exception des automobiles et des motocycles"
"fr_naf_490","4910Z","Transport ferroviaire interurbain de voyageurs","49","Transports terrestres et transport par conduites"
"fr_naf_491","4920Z","Transports ferroviaires de fret","49","Transports terrestres et transport par conduites"
"fr_naf_492","4931Z","Transports urbains et suburbains de voyageurs","49","Transports terrestres et transport par conduites"
"fr_naf_493","4932Z","Transports de voyageurs par taxis","49","Transports terrestres et transport par conduites"
"fr_naf_494","4939A","Transports routiers réguliers de voyageurs","49","Transports terrestres et transport par conduites"
"fr_naf_495","4939B","Autres transports routiers de voyageurs","49","Transports terrestres et transport par conduites"
"fr_naf_496","4939C","Téléphériques et remontées mécaniques","49","Transports terrestres et transport par conduites"
"fr_naf_497","4941A","Transports routiers de fret interurbains","49","Transports terrestres et transport par conduites"
"fr_naf_498","4941B","Transports routiers de fret de proximité","49","Transports terrestres et transport par conduites"
"fr_naf_499","4941C","Location de camions avec chauffeur","49","Transports terrestres et transport par conduites"
"fr_naf_500","4942Z","Services de déménagement","49","Transports terrestres et transport par conduites"
"fr_naf_501","4950Z","Transports par conduites","49","Transports terrestres et transport par conduites"
"fr_naf_502","5010Z","Transports maritimes et côtiers de passagers","50","Transports par eau"
"fr_naf_503","5020Z","Transports maritimes et côtiers de fret","50","Transports par eau"
"fr_naf_504","5030Z","Transports fluviaux de passagers","50","Transports par eau"
"fr_naf_505","5040Z","Transports fluviaux de fret","50","Transports par eau"
"fr_naf_506","5110Z","Transports aériens de passagers","51","Transports aériens"
"fr_naf_507","5121Z","Transports aériens de fret","51","Transports aériens"
"fr_naf_508","5122Z","Transports spatiaux","51","Transports aériens"
"fr_naf_509","5210A","Entreposage et stockage frigorifique","52","Entreposage et services auxiliaires des transports"
"fr_naf_510","5210B","Entreposage et stockage non frigorifique","52","Entreposage et services auxiliaires des transports"
"fr_naf_511","5221Z","Services auxiliaires des transports terrestres","52","Entreposage et services auxiliaires des transports"
"fr_naf_512","5222Z","Services auxiliaires des transports par eau","52","Entreposage et services auxiliaires des transports"
"fr_naf_513","5223Z","Services auxiliaires des transports aériens","52","Entreposage et services auxiliaires des transports"
"fr_naf_514","5224A","Manutention portuaire","52","Entreposage et services auxiliaires des transports"
"fr_naf_515","5224B","Manutention non portuaire","52","Entreposage et services auxiliaires des transports"
"fr_naf_516","5229A","Messagerie, fret express","52","Entreposage et services auxiliaires des transports"
"fr_naf_517","5229B","Affrètement et organisation des transports","52","Entreposage et services auxiliaires des transports"
"fr_naf_518","5310Z","Activités de poste dans le cadre d'une obligation de service universel","53","Activités de poste et de courrier"
"fr_naf_519","5320Z","Autres activités de poste et de courrier","53","Activités de poste et de courrier"
"fr_naf_520","5510Z","Hôtels et hébergement similaire","55","Hébergement"
"fr_naf_521","5520Z","Hébergement touristique et autre hébergement de courte durée","55","Hébergement"
"fr_naf_522","5530Z","Terrains de camping et parcs pour caravanes ou véhicules de loisirs","55","Hébergement"
"fr_naf_523","5590Z","Autres hébergements","55","Hébergement"
"fr_naf_524","5610A","Restauration traditionnelle","56","Restauration"
"fr_naf_525","5610B","Cafétérias et autres libres-services","56","Restauration"
"fr_naf_526","5610C","Restauration de type rapide","56","Restauration"
"fr_naf_527","5621Z","Services des traiteurs","56","Restauration"
"fr_naf_528","5629A","Restauration collective sous contrat","56","Restauration"
"fr_naf_529","5629B","Autres services de restauration nca","56","Restauration"
"fr_naf_530","5630Z","Débits de boissons","56","Restauration"
"fr_naf_531","5811Z","Édition de livres","58","Édition"
"fr_naf_532","5812Z","Édition de répertoires et de fichiers d'adresses","58","Édition"
"fr_naf_533","5813Z","Édition de journaux","58","Édition"
"fr_naf_534","5814Z","Édition de revues et périodiques","58","Édition"
"fr_naf_535","5819Z","Autres activités d'édition","58","Édition"
"fr_naf_536","5821Z","Édition de jeux électroniques","58","Édition"
"fr_naf_537","5829A","Édition de logiciels système et de réseau","58","Édition"
"fr_naf_538","5829B","Edition de logiciels outils de développement et de langages","58","Édition"
"fr_naf_539","5829C","Edition de logiciels applicatifs","58","Édition"
"fr_naf_540","5911A","Production de films et de programmes pour la télévision","59","Production de films cinématographiques, de vidéo et de programmes de télévision ; enregistrement sonore et édition musicale"
"fr_naf_541","5911B","Production de films institutionnels et publicitaires","59","Production de films cinématographiques, de vidéo et de programmes de télévision ; enregistrement sonore et édition musicale"
"fr_naf_542","5911C","Production de films pour le cinéma","59","Production de films cinématographiques, de vidéo et de programmes de télévision ; enregistrement sonore et édition musicale"
"fr_naf_543","5912Z","Post-production de films cinématographiques, de vidéo et de programmes de télévision","59","Production de films cinématographiques, de vidéo et de programmes de télévision ; enregistrement sonore et édition musicale"
"fr_naf_544","5913A","Distribution de films cinématographiques","59","Production de films cinématographiques, de vidéo et de programmes de télévision ; enregistrement sonore et édition musicale"
"fr_naf_545","5913B","Edition et distribution vidéo","59","Production de films cinématographiques, de vidéo et de programmes de télévision ; enregistrement sonore et édition musicale"
"fr_naf_546","5914Z","Projection de films cinématographiques","59","Production de films cinématographiques, de vidéo et de programmes de télévision ; enregistrement sonore et édition musicale"
"fr_naf_547","5920Z","Enregistrement sonore et édition musicale","59","Production de films cinématographiques, de vidéo et de programmes de télévision ; enregistrement sonore et édition musicale"
"fr_naf_548","6010Z","Édition et diffusion de programmes radio","60","Programmation et diffusion"
"fr_naf_549","6020A","Edition de chaînes généralistes","60","Programmation et diffusion"
"fr_naf_550","6020B","Edition de chaînes thématiques","60","Programmation et diffusion"
"fr_naf_551","6110Z","Télécommunications filaires","61","Télécommunications"
"fr_naf_552","6120Z","Télécommunications sans fil","61","Télécommunications"
"fr_naf_553","6130Z","Télécommunications par satellite","61","Télécommunications"
"fr_naf_554","6190Z","Autres activités de télécommunication","61","Télécommunications"
"fr_naf_555","6201Z","Programmation informatique","62","Programmation, conseil et autres activités informatiques "
"fr_naf_556","6202A","Conseil en systèmes et logiciels informatiques","62","Programmation, conseil et autres activités informatiques "
"fr_naf_557","6202B","Tierce maintenance de systèmes et d’applications informatiques","62","Programmation, conseil et autres activités informatiques "
"fr_naf_558","6203Z","Gestion d'installations informatiques","62","Programmation, conseil et autres activités informatiques "
"fr_naf_559","6209Z","Autres activités informatiques","62","Programmation, conseil et autres activités informatiques "
"fr_naf_560","6311Z","Traitement de données, hébergement et activités connexes","63","Services d'information"
"fr_naf_561","6312Z","Portails Internet","63","Services d'information"
"fr_naf_562","6391Z","Activités des agences de presse","63","Services d'information"
"fr_naf_563","6399Z","Autres services d'information nca","63","Services d'information"
"fr_naf_564","6411Z","Activités de banque centrale","64","Activités des services financiers, hors assurance et caisses de retraite"
"fr_naf_565","6419Z","Autres intermédiations monétaires","64","Activités des services financiers, hors assurance et caisses de retraite"
"fr_naf_566","6420Z","Activités des sociétés holding","64","Activités des services financiers, hors assurance et caisses de retraite"
"fr_naf_567","6430Z","Fonds de placement et entités financières similaires","64","Activités des services financiers, hors assurance et caisses de retraite"
"fr_naf_568","6491Z","Crédit-bail","64","Activités des services financiers, hors assurance et caisses de retraite"
"fr_naf_569","6492Z","Autre distribution de crédit","64","Activités des services financiers, hors assurance et caisses de retraite"
"fr_naf_570","6499Z","Autres activités des services financiers, hors assurance et caisses de retraite, nca","64","Activités des services financiers, hors assurance et caisses de retraite"
"fr_naf_571","6511Z","Assurance vie","65","Assurance"
"fr_naf_572","6512Z","Autres assurances","65","Assurance"
"fr_naf_573","6520Z","Réassurance","65","Assurance"
"fr_naf_574","6530Z","Caisses de retraite","65","Assurance"
"fr_naf_575","6611Z","Administration de marchés financiers","66","Activités auxiliaires de services financiers et d'assurance "
"fr_naf_576","6612Z","Courtage de valeurs mobilières et de marchandises","66","Activités auxiliaires de services financiers et d'assurance "
"fr_naf_577","6619A","Supports juridiques de gestion de patrimoine mobilier","66","Activités auxiliaires de services financiers et d'assurance "
"fr_naf_578","6619B","Autres activités auxiliaires de services financiers, hors assurance et caisses de retraite, nca","66","Activités auxiliaires de services financiers et d'assurance "
"fr_naf_579","6621Z","Évaluation des risques et dommages","66","Activités auxiliaires de services financiers et d'assurance "
"fr_naf_580","6622Z","Activités des agents et courtiers d'assurances","66","Activités auxiliaires de services financiers et d'assurance "
"fr_naf_581","6629Z","Autres activités auxiliaires d'assurance et de caisses de retraite","66","Activités auxiliaires de services financiers et d'assurance "
"fr_naf_582","6630Z","Gestion de fonds","66","Activités auxiliaires de services financiers et d'assurance "
"fr_naf_583","6810Z","Activités des marchands de biens immobiliers","68","Activités immobilières"
"fr_naf_584","6820A","Location de logements","68","Activités immobilières"
"fr_naf_585","6820B","Location de terrains et d'autres biens immobiliers","68","Activités immobilières"
"fr_naf_586","6831Z","Agences immobilières","68","Activités immobilières"
"fr_naf_587","6832A","Administration d'immeubles et autres biens immobiliers","68","Activités immobilières"
"fr_naf_588","6832B","Supports juridiques de gestion de patrimoine immobilier","68","Activités immobilières"
"fr_naf_589","6910Z","Activités juridiques","69","Activités juridiques et comptables"
"fr_naf_590","6920Z","Activités comptables","69","Activités juridiques et comptables"
"fr_naf_591","7010Z","Activités des sièges sociaux","70","Activités des sièges sociaux ; conseil de gestion"
"fr_naf_592","7021Z","Conseil en relations publiques et communication","70","Activités des sièges sociaux ; conseil de gestion"
"fr_naf_593","7022Z","Conseil pour les affaires et autres conseils de gestion","70","Activités des sièges sociaux ; conseil de gestion"
"fr_naf_594","7111Z","Activités d'architecture","71","Activités d'architecture et d'ingénierie ; activités de contrôle et analyses techniques"
"fr_naf_595","7112A","Activité des géomètres","71","Activités d'architecture et d'ingénierie ; activités de contrôle et analyses techniques"
"fr_naf_596","7112B","Ingénierie, études techniques","71","Activités d'architecture et d'ingénierie ; activités de contrôle et analyses techniques"
"fr_naf_597","7120A","Contrôle technique automobile","71","Activités d'architecture et d'ingénierie ; activités de contrôle et analyses techniques"
"fr_naf_598","7120B","Analyses, essais et inspections techniques","71","Activités d'architecture et d'ingénierie ; activités de contrôle et analyses techniques"
"fr_naf_599","7211Z","Recherche-développement en biotechnologie","72","Recherche-développement scientifique"
"fr_naf_600","7219Z","Recherche-développement en autres sciences physiques et naturelles","72","Recherche-développement scientifique"
"fr_naf_601","7220Z","Recherche-développement en sciences humaines et sociales","72","Recherche-développement scientifique"
"fr_naf_602","7311Z","Activités des agences de publicité","73","Publicité et études de marché"
"fr_naf_603","7312Z","Régie publicitaire de médias","73","Publicité et études de marché"
"fr_naf_604","7320Z","Études de marché et sondages","73","Publicité et études de marché"
"fr_naf_605","7410Z","Activités spécialisées de design","74","Autres activités spécialisées, scientifiques et techniques"
"fr_naf_606","7420Z","Activités photographiques","74","Autres activités spécialisées, scientifiques et techniques"
"fr_naf_607","7430Z","Traduction et interprétation","74","Autres activités spécialisées, scientifiques et techniques"
"fr_naf_608","7490A","Activité des économistes de la construction","74","Autres activités spécialisées, scientifiques et techniques"
"fr_naf_609","7490B","Activités spécialisées, scientifiques et techniques diverses","74","Autres activités spécialisées, scientifiques et techniques"
"fr_naf_610","7500Z","Activités vétérinaires","75","Activités vétérinaires"
"fr_naf_611","7711A","Location de courte durée de voitures et de véhicules automobiles légers","77","Activités de location et location-bail"
"fr_naf_612","7711B","Location de longue durée de voitures et de véhicules automobiles légers","77","Activités de location et location-bail"
"fr_naf_613","7712Z","Location et location-bail de camions","77","Activités de location et location-bail"
"fr_naf_614","7721Z","Location et location-bail d'articles de loisirs et de sport","77","Activités de location et location-bail"
"fr_naf_615","7722Z","Location de vidéocassettes et disques vidéo","77","Activités de location et location-bail"
"fr_naf_616","7729Z","Location et location-bail d'autres biens personnels et domestiques","77","Activités de location et location-bail"
"fr_naf_617","7731Z","Location et location-bail de machines et équipements agricoles","77","Activités de location et location-bail"
"fr_naf_618","7732Z","Location et location-bail de machines et équipements pour la construction","77","Activités de location et location-bail"
"fr_naf_619","7733Z","Location et location-bail de machines de bureau et de matériel informatique","77","Activités de location et location-bail"
"fr_naf_620","7734Z","Location et location-bail de matériels de transport par eau","77","Activités de location et location-bail"
"fr_naf_621","7735Z","Location et location-bail de matériels de transport aérien","77","Activités de location et location-bail"
"fr_naf_622","7739Z","Location et location-bail d'autres machines, équipements et biens matériels nca","77","Activités de location et location-bail"
"fr_naf_623","7740Z","Location-bail de propriété intellectuelle et de produits similaires, à l'exception des œuvres soumises à copyright","77","Activités de location et location-bail"
"fr_naf_624","7810Z","Activités des agences de placement de main-d'œuvre","78","Activités liées à l'emploi"
"fr_naf_625","7820Z","Activités des agences de travail temporaire","78","Activités liées à l'emploi"
"fr_naf_626","7830Z","Autre mise à disposition de ressources humaines","78","Activités liées à l'emploi"
"fr_naf_627","7911Z","Activités des agences de voyage","79","Activités des agences de voyage, voyagistes, services de réservation et activités connexes"
"fr_naf_628","7912Z","Activités des voyagistes","79","Activités des agences de voyage, voyagistes, services de réservation et activités connexes"
"fr_naf_629","7990Z","Autres services de réservation et activités connexes","79","Activités des agences de voyage, voyagistes, services de réservation et activités connexes"
"fr_naf_630","8010Z","Activités de sécurité privée","80","Enquêtes et sécurité"
"fr_naf_631","8020Z","Activités liées aux systèmes de sécurité","80","Enquêtes et sécurité"
"fr_naf_632","8030Z","Activités d'enquête","80","Enquêtes et sécurité"
"fr_naf_633","8110Z","Activités combinées de soutien lié aux bâtiments","81","Services relatifs aux bâtiments et aménagement paysager"
"fr_naf_634","8121Z","Nettoyage courant des bâtiments","81","Services relatifs aux bâtiments et aménagement paysager"
"fr_naf_635","8122Z","Autres activités de nettoyage des bâtiments et nettoyage industriel","81","Services relatifs aux bâtiments et aménagement paysager"
"fr_naf_636","8129A","Désinfection, désinsectisation, dératisation","81","Services relatifs aux bâtiments et aménagement paysager"
"fr_naf_637","8129B","Autres activités de nettoyage nca","81","Services relatifs aux bâtiments et aménagement paysager"
"fr_naf_638","8130Z","Services d'aménagement paysager","81","Services relatifs aux bâtiments et aménagement paysager"
"fr_naf_639","8211Z","Services administratifs combinés de bureau","82","Activités administratives et autres activités de soutien aux entreprises"
"fr_naf_640","8219Z","Photocopie, préparation de documents et autres activités spécialisées de soutien de bureau","82","Activités administratives et autres activités de soutien aux entreprises"
"fr_naf_641","8220Z","Activités de centres d'appels","82","Activités administratives et autres activités de soutien aux entreprises"
"fr_naf_642","8230Z","Organisation de foires, salons professionnels et congrès","82","Activités administratives et autres activités de soutien aux entreprises"
"fr_naf_643","8291Z","Activités des agences de recouvrement de factures et des sociétés d'information financière sur la clientèle","82","Activités administratives et autres activités de soutien aux entreprises"
"fr_naf_644","8292Z","Activités de conditionnement","82","Activités administratives et autres activités de soutien aux entreprises"
"fr_naf_645","8299Z","Autres activités de soutien aux entreprises nca","82","Activités administratives et autres activités de soutien aux entreprises"
"fr_naf_646","8411Z","Administration publique générale","84","Administration publique et défense ; sécurité sociale obligatoire"
"fr_naf_647","8412Z","Administration publique (tutelle) de la santé, de la formation, de la culture et des services sociaux, autre que sécurité sociale","84","Administration publique et défense ; sécurité sociale obligatoire"
"fr_naf_648","8413Z","Administration publique (tutelle) des activités économiques","84","Administration publique et défense ; sécurité sociale obligatoire"
"fr_naf_649","8421Z","Affaires étrangères","84","Administration publique et défense ; sécurité sociale obligatoire"
"fr_naf_650","8422Z","Défense","84","Administration publique et défense ; sécurité sociale obligatoire"
"fr_naf_651","8423Z","Justice","84","Administration publique et défense ; sécurité sociale obligatoire"
"fr_naf_652","8424Z","Activités d’ordre public et de sécurité","84","Administration publique et défense ; sécurité sociale obligatoire"
"fr_naf_653","8425Z","Services du feu et de secours","84","Administration publique et défense ; sécurité sociale obligatoire"
"fr_naf_654","8430A","Activités générales de sécurité sociale","84","Administration publique et défense ; sécurité sociale obligatoire"
"fr_naf_655","8430B","Gestion des retraites complémentaires","84","Administration publique et défense ; sécurité sociale obligatoire"
"fr_naf_656","8430C","Distribution sociale de revenus","84","Administration publique et défense ; sécurité sociale obligatoire"
"fr_naf_657","8510Z","Enseignement pré-primaire","85","Enseignement"
"fr_naf_658","8520Z","Enseignement primaire","85","Enseignement"
"fr_naf_659","8531Z","Enseignement secondaire général","85","Enseignement"
"fr_naf_660","8532Z","Enseignement secondaire technique ou professionnel","85","Enseignement"
"fr_naf_661","8541Z","Enseignement post-secondaire non supérieur","85","Enseignement"
"fr_naf_662","8542Z","Enseignement supérieur","85","Enseignement"
"fr_naf_663","8551Z","Enseignement de disciplines sportives et d'activités de loisirs","85","Enseignement"
"fr_naf_664","8552Z","Enseignement culturel","85","Enseignement"
"fr_naf_665","8553Z","Enseignement de la conduite","85","Enseignement"
"fr_naf_666","8559A","Formation continue d'adultes","85","Enseignement"
"fr_naf_667","8559B","Autres enseignements","85","Enseignement"
"fr_naf_668","8560Z","Activités de soutien à l'enseignement","85","Enseignement"
"fr_naf_669","8610Z","Activités hospitalières","86","Activités pour la santé humaine"
"fr_naf_670","8621Z","Activité des médecins généralistes","86","Activités pour la santé humaine"
"fr_naf_671","8622A","Activités de radiodiagnostic et de radiothérapie","86","Activités pour la santé humaine"
"fr_naf_672","8622B","Activités chirurgicales","86","Activités pour la santé humaine"
"fr_naf_673","8622C","Autres activités des médecins spécialistes","86","Activités pour la santé humaine"
"fr_naf_674","8623Z","Pratique dentaire","86","Activités pour la santé humaine"
"fr_naf_675","8690A","Ambulances","86","Activités pour la santé humaine"
"fr_naf_676","8690B","Laboratoires d'analyses médicales","86","Activités pour la santé humaine"
"fr_naf_677","8690C","Centres de collecte et banques d'organes","86","Activités pour la santé humaine"
"fr_naf_678","8690D","Activités des infirmiers et des sages-femmes","86","Activités pour la santé humaine"
"fr_naf_679","8690E","Activités des professionnels de la rééducation, de l’appareillage et des pédicures-podologues","86","Activités pour la santé humaine"
"fr_naf_680","8690F","Activités de santé humaine non classées ailleurs","86","Activités pour la santé humaine"
"fr_naf_681","8710A","Hébergement médicalisé pour personnes âgées","87","Hébergement médico-social et social"
"fr_naf_682","8710B","Hébergement médicalisés pour enfants handicapés","87","Hébergement médico-social et social"
"fr_naf_683","8710C","Hébergement médicalisé pour adultes handicapés et autre hébergement médicalisé ","87","Hébergement médico-social et social"
"fr_naf_684","8720A","Hébergement social pour handicapés mentaux et malades mentaux","87","Hébergement médico-social et social"
"fr_naf_685","8720B","Hébergement social pour toxicomanes","87","Hébergement médico-social et social"
"fr_naf_686","8730A","Hébergement social pour personnes âgées","87","Hébergement médico-social et social"
"fr_naf_687","8730B","Hébergement social pour handicapés physiques","87","Hébergement médico-social et social"
"fr_naf_688","8790A","Hébergement social pour enfants en difficultés","87","Hébergement médico-social et social"
"fr_naf_689","8790B","Hébergement social pour adultes et familles en difficultés et autre hébergement social","87","Hébergement médico-social et social"
"fr_naf_690","8810A","Aide à domicile","88","Action sociale sans hébergement"
"fr_naf_691","8810B","Accueil ou accompagnement sans hébergement d’adultes handicapés ou de personnes âgées","88","Action sociale sans hébergement"
"fr_naf_692","8810C","Aide par le travail","88","Action sociale sans hébergement"
"fr_naf_693","8891A","Accueil de jeunes enfants","88","Action sociale sans hébergement"
"fr_naf_694","8891B","Accueil ou accompagnement sans hébergement d’enfants handicapés","88","Action sociale sans hébergement"
"fr_naf_695","8899A","Autre accueil ou accompagnement sans hébergement d'enfants et d’adolescents ","88","Action sociale sans hébergement"
"fr_naf_696","8899B","Action sociale sans hébergement nca","88","Action sociale sans hébergement"
"fr_naf_697","9001Z","Arts du spectacle vivant","90","Activités créatives, artistiques et de spectacle "
"fr_naf_698","9002Z","Activités de soutien au spectacle vivant","90","Activités créatives, artistiques et de spectacle "
"fr_naf_699","9003A","Création artistique relevant des arts plastiques","90","Activités créatives, artistiques et de spectacle "
"fr_naf_700","9003B","Autre création artistique","90","Activités créatives, artistiques et de spectacle "
"fr_naf_701","9004Z","Gestion de salles de spectacles","90","Activités créatives, artistiques et de spectacle "
"fr_naf_702","9101Z","Gestion des bibliothèques et des archives","91","Bibliothèques, archives, musées et autres activités culturelles"
"fr_naf_703","9102Z","Gestion des musées","91","Bibliothèques, archives, musées et autres activités culturelles"
"fr_naf_704","9103Z","Gestion des sites et monuments historiques et des attractions touristiques similaires","91","Bibliothèques, archives, musées et autres activités culturelles"
"fr_naf_705","9104Z","Gestion des jardins botaniques et zoologiques et des réserves naturelles","91","Bibliothèques, archives, musées et autres activités culturelles"
"fr_naf_706","9200Z","Organisation de jeux de hasard et d'argent","92","Organisation de jeux de hasard et d'argent"
"fr_naf_707","9311Z","Gestion d'installations sportives","93","Activités sportives, récréatives et de loisirs"
"fr_naf_708","9312Z","Activités de clubs de sports","93","Activités sportives, récréatives et de loisirs"
"fr_naf_709","9313Z","Activités des centres de culture physique","93","Activités sportives, récréatives et de loisirs"
"fr_naf_710","9319Z","Autres activités liées au sport","93","Activités sportives, récréatives et de loisirs"
"fr_naf_711","9321Z","Activités des parcs d'attractions et parcs à thèmes","93","Activités sportives, récréatives et de loisirs"
"fr_naf_712","9329Z","Autres activités récréatives et de loisirs","93","Activités sportives, récréatives et de loisirs"
"fr_naf_713","9411Z","Activités des organisations patronales et consulaires","94","Activités des organisations associatives"
"fr_naf_714","9412Z","Activités des organisations professionnelles","94","Activités des organisations associatives"
"fr_naf_715","9420Z","Activités des syndicats de salariés","94","Activités des organisations associatives"
"fr_naf_716","9491Z","Activités des organisations religieuses","94","Activités des organisations associatives"
"fr_naf_717","9492Z","Activités des organisations politiques","94","Activités des organisations associatives"
"fr_naf_718","9499Z","Autres organisations fonctionnant par adhésion volontaire","94","Activités des organisations associatives"
"fr_naf_719","9511Z","Réparation d'ordinateurs et d'équipements périphériques","95","Réparation d'ordinateurs et de biens personnels et domestiques"
"fr_naf_720","9512Z","Réparation d'équipements de communication","95","Réparation d'ordinateurs et de biens personnels et domestiques"
"fr_naf_721","9521Z","Réparation de produits électroniques grand public","95","Réparation d'ordinateurs et de biens personnels et domestiques"
"fr_naf_722","9522Z","Réparation d'appareils électroménagers et d'équipements pour la maison et le jardin","95","Réparation d'ordinateurs et de biens personnels et domestiques"
"fr_naf_723","9523Z","Réparation de chaussures et d'articles en cuir","95","Réparation d'ordinateurs et de biens personnels et domestiques"
"fr_naf_724","9524Z","Réparation de meubles et d'équipements du foyer","95","Réparation d'ordinateurs et de biens personnels et domestiques"
"fr_naf_725","9525Z","Réparation d'articles d'horlogerie et de bijouterie","95","Réparation d'ordinateurs et de biens personnels et domestiques"
"fr_naf_726","9529Z","Réparation d'autres biens personnels et domestiques","95","Réparation d'ordinateurs et de biens personnels et domestiques"
"fr_naf_727","9601A","Blanchisserie-teinturerie de gros","96","Autres services personnels"
"fr_naf_728","9601B","Blanchisserie-teinturerie de détail","96","Autres services personnels"
"fr_naf_729","9602A","Coiffure","96","Autres services personnels"
"fr_naf_730","9602B","Soins de beauté","96","Autres services personnels"
"fr_naf_731","9603Z","Services funéraires","96","Autres services personnels"
"fr_naf_732","9604Z","Entretien corporel","96","Autres services personnels"
"fr_naf_733","9609Z","Autres services personnels nca","96","Autres services personnels"
"fr_naf_734","9700Z","Activités des ménages en tant qu'employeurs de personnel domestique","97","Activités des ménages en tant qu'employeurs de personnel domestique"
"fr_naf_735","9810Z","Activités indifférenciées des ménages en tant que producteurs de biens pour usage propre","98","Activités indifférenciées des ménages en tant que producteurs de biens et services pour usage propre"
"fr_naf_736","9820Z","Activités indifférenciées des ménages en tant que producteurs de services pour usage propre","98","Activités indifférenciées des ménages en tant que producteurs de biens et services pour usage propre"
"fr_naf_737","9900Z","Activités des organisations et organismes extraterritoriaux","99","Activités des organisations et organismes extraterritoriaux"
